[
  {
    "userName": "Kesara Sunayana",
    "email": "kisarachandrasheakar0704@gmail.com",
    "roachMotelDetected": "yes",
    "feedbackMessage": "kollll",
    "url": "http://localhost:3000/",
    "date": "24/9/2024, 10:00:58 pm"
  },
  {
    "userName": "Sunnu",
    "email": "kesarasunayana05@gmail.com",
    "roachMotelDetected": "yes",
    "feedbackMessage": "extension is great!!!!",
    "url": "http://localhost:3000/",
    "date": "24/9/2024, 10:02:40 pm"
  },
  {
    "userName": "Karthik",
    "email": "bhanu30oct@gmail.com",
    "roachMotelDetected": "yes",
    "feedbackMessage": "csxsxsxsxs",
    "date": "24/09/2024, 22.33.23"
  },
  {
    "userName": "sunayana",
    "email": "karthike@ga.jc",
    "roachMotelDetected": "yes",
    "feedbackMessage": "dehg",
    "date": "28/09/2024, 10.45.28"
  },
  {
    "userName": "akshaya",
    "email": "kesarasunayana05@gmail.com",
    "roachMotelDetected": "yes",
    "feedbackMessage": "nice!!!",
    "date": "28/9/2024, 11:04:24 am"
  },
  {
    "userName": "akshaya123",
    "email": "kesarasunayana05@gmail.com",
    "roachMotelDetected": "yes",
    "feedbackMessage": "gud!!!",
    "url": "http://localhost:3000/",
    "date": "28/9/2024, 11:08:19 am"
  }
]